{"cameraMode":{"drawMode":0,"name":"Shaded","section":"Shading Mode"},"sceneLighting":false,"audioPlay":false,"sceneViewState":{"showFog":true,"showMaterialUpdate":false,"showSkybox":false,"showFlares":true,"showImageEffects":true,"showParticleSystems":true,"showVisualEffectGraphs":true,"m_FxEnabled":true},"in2DMode":false,"pivot":{"x":-0.2477409839630127,"y":0.14044713973999024,"z":0.030923843383789064},"rotation":{"x":0.28107330203056338,"y":-0.14469382166862489,"z":0.04291703552007675,"w":0.9477418065071106},"size":2.022723913192749,"orthographic":false}