{"cameraMode":{"drawMode":0,"name":"Shaded","section":"Shading Mode"},"sceneLighting":false,"audioPlay":false,"sceneViewState":{"showFog":true,"showMaterialUpdate":false,"showSkybox":false,"showFlares":true,"showImageEffects":true,"showParticleSystems":true,"showVisualEffectGraphs":true,"m_FxEnabled":true},"in2DMode":false,"pivot":{"x":-1.1219156980514527,"y":-0.9958381652832031,"z":-1.3809744119644166},"rotation":{"x":-0.6273285150527954,"y":0.01820949837565422,"z":-0.014703234657645226,"w":-0.7784510254859924},"size":1.5487349033355713,"orthographic":false}