{"cameraMode":{"drawMode":0,"name":"Shaded","section":"Shading Mode"},"sceneLighting":false,"audioPlay":false,"sceneViewState":{"showFog":true,"showMaterialUpdate":false,"showSkybox":false,"showFlares":true,"showImageEffects":true,"showParticleSystems":true,"showVisualEffectGraphs":true,"m_FxEnabled":true},"in2DMode":false,"pivot":{"x":-0.05654430389404297,"y":0.07263892889022827,"z":-0.02926868200302124},"rotation":{"x":-0.14357173442840577,"y":0.43682000041007998,"z":-0.07089808583259583,"w":-0.8852285742759705},"size":0.8573651313781738,"orthographic":false}